<?xml version="1.0" encoding="UTF-8" ?>
<!DOCTYPE mapper
        PUBLIC "-//mybatis.org//DTD Mapper 3.0//EN"
        "http://mybatis.org/dtd/mybatis-3-mapper.dtd">


<mapper namespace="com.layuiboot.mapper.ClazzMapper">
    <select id="selectClazzByid" resultType="clazz">
        select * from tu_clazz where cid = #{cid}
    </select>

    <select id="selectClazzByName" resultType="clazz">
        select * from tu_clazz where name = #{clazzName}
    </select>

    <update id="updateClazzById">
        update tu_clazz set name = #{name} where cid = #{cid}
    </update>

    <delete id="deleteClazzById">
        delete from tu_clazz where cid = #{cid}
    </delete>
</mapper>