<?xml version="1.0" encoding="UTF-8" ?>
<!DOCTYPE mapper
        PUBLIC "-//mybatis.org//DTD Mapper 3.0//EN"
        "http://mybatis.org/dtd/mybatis-3-mapper.dtd">


<mapper namespace="com.layuiboot.mapper.StudentMapper">
    <resultMap id="resultMap" type="com.layuiboot.entry.Student">
        <result property="stuId" column="stu_id"></result>
        <association property="clazz"
                     select="com.layuiboot.mapper.ClazzMapper.selectClazzByid"
                     column="cid">
        </association>
    </resultMap>

    <select id="selectAll" resultMap="resultMap">
        select * from tu_student
    </select>

    <select id="selectStuById" resultMap="resultMap">
        select * from tu_student where id = #{id}
    </select>

    <select id="selectByQuery" resultMap="resultMap">
        select * from tu_student
        <where>
            <if test="stuId != null and stuId != ''">
                stu_id = #{stuId}
            </if>
            <if test="name != null and name != ''">
                and name = #{name}
            </if>
            <if test="sex != null and sex != ''">
                and sex = #{sex}
            </if>
            <if test="cid != null and cid != ''">
                and cid = #{cid}
            </if>
        </where>
    </select>

    <update id="updateByStuId">
        update tu_student
        <set>
            <if test="stuId != null and stuId != ''">
                stu_id = #{stuId},
            </if>
            <if test="name != null and name != ''">
                name = #{name},
            </if>
            <if test="head != null and head != ''">
                head = #{head},
            </if>
            <if test="sex != null and sex != ''">
                sex = #{sex},
            </if>
            <if test="phone != null and phone != ''">
                phone = #{phone},
            </if>
            <if test="clazz != null and clazz != ''">
                cid = #{clazz.cid}
            </if>
        </set>
        where id = #{id}
    </update>

    <insert id="insertStu">
        insert into tu_student(id,
        <if test="stuId != null and stuId != ''">
            stu_id,
        </if>
        <if test="name != null and name != ''">
            name,
        </if>
        <if test="head != null and head != ''">
            head,
        </if>
        <if test="sex != null and sex != ''">
            sex,
        </if>
        <if test="phone != null and phone != ''">
            phone,
        </if>
        <if test="clazz != null and clazz != ''">
            cid
        </if>
        ) values(null,
        <if test="stuId != null and stuId != ''">
            #{stuId},
        </if>
        <if test="name != null and name != ''">
            #{name},
        </if>
        <if test="head != null and head != ''">
            #{head},
        </if>
        <if test="sex != null and sex != ''">
            #{sex},
        </if>
        <if test="phone != null and phone != ''">
            #{phone},
        </if>
        <if test="clazz != null and clazz != ''">
            #{clazz.cid}
        </if>
        )
    </insert>

    <select id="selectByCId" resultMap="resultMap">
        select * from tu_student where cid = #{cid}
    </select>

    <update id="updateTaskTable">
        update ${taskTable} set state = #{state} where title = #{title}
    </update>
</mapper>