<?xml version="1.0" encoding="UTF-8" ?>
<!DOCTYPE mapper
        PUBLIC "-//mybatis.org//DTD Mapper 3.0//EN"
        "http://mybatis.org/dtd/mybatis-3-mapper.dtd">


<mapper namespace="com.layuiboot.mapper.stumapper.StudentDoTaskMapper">
    <select id="selectStuDoTaskByTable" resultType="studentDoTask">
        select * from ${taskTable}
    </select>

    <select id="getStuDoTaskById" resultType="studentDoTask">
        select * from ${taskTable} where id = #{id}
    </select>

    <select id="selectStuDoTaskByCondition">
        select * from ${taskTable}
        <where>
            <if test="title != null and title != ''">
                title = #{title}
            </if>
            <if test="state != null and state != ''">
                state = #{state}
            </if>
        </where>
    </select>

    <update id="updateByStuTaskId">
        update ${taskTable}
        <set>
            <if test="imgsrc != null and imgsrc != ''">
                content = #{imgsrc}
            </if>
        </set>
        <where>
            id = #{id}
        </where>
    </update>

    <update id="updatetaskState">
        update ${taskTable} set state = #{state} where title = #{title}
    </update>
</mapper>